[
 {
  "Term": "MedTech \/ BioTech \/ HealthTech",
  "Search Count": "119000"
 },
 {
  "Term": "Disaster Management",
  "Search Count": "7950000"
 },
 {
  "Term": "Blockchain & Cybersecurity",
  "Search Count": "1760000"
 },
 {
  "Term": "Smart Vehicles",
  "Search Count": "1740000 "
 },
 {
  "Term": "Smart Automation",
  "Search Count": "54400000"
 },
 {
  "Term": "Smart Education",
  "Search Count": "101000000"
 },
 {
  "Term": "Renewable \/ Sustainable Energy",
  "Search Count": "3710000"
 },
 {
  "Term": "Transportation & Logistics",
  "Search Count": "3510000"
 },
 {
  "Term": "Agriculture, FoodTech & Rural Development",
  "Search Count": "382000"
 },
 {
  "Term": "Heritage & Culture",
  "Search Count": "1710000"
 },
 {
  "Term": "Fitness & Sports",
  "Search Count": "612000"
 },
 {
  "Term": "Municipal Fices and Tax Management System.",
  "Search Count": "3230000"
 },
 {
  "Term": "Clean & Green Technology",
  "Search Count": "237000 "
 },
 {
  "Term": "Data Format Conversion Utility",
  "Search Count": "5870000"
 },
 {
  "Term": "Smart",
  "Search Count": "132000000"
 },
 {
  "Term": "Education",
  "Search Count": "18300000"
 },
 {
  "Term": "Travel & Tourism",
  "Search Count": "25000000 "
 },
 {
  "Term": "Vehicles",
  "Search Count": "3550000"
 }
]
